-- phpMyAdmin SQL Dump
-- version 5.2.1
-- https://www.phpmyadmin.net/
--
-- Host: 127.0.0.1
-- Generation Time: Nov 09, 2024 at 12:50 AM
-- Server version: 10.4.32-MariaDB
-- PHP Version: 8.2.12

SET SQL_MODE = "NO_AUTO_VALUE_ON_ZERO";
START TRANSACTION;
SET time_zone = "+00:00";


/*!40101 SET @OLD_CHARACTER_SET_CLIENT=@@CHARACTER_SET_CLIENT */;
/*!40101 SET @OLD_CHARACTER_SET_RESULTS=@@CHARACTER_SET_RESULTS */;
/*!40101 SET @OLD_COLLATION_CONNECTION=@@COLLATION_CONNECTION */;
/*!40101 SET NAMES utf8mb4 */;

--
-- Database: `teamproject`
--

-- --------------------------------------------------------

--
-- Table structure for table `student_subjects`
--

CREATE TABLE `student_subjects` (
  `student_id` int(11) NOT NULL,
  `subject_id` int(11) NOT NULL,
  `grade` enum('A','B','C','D','F','W') DEFAULT NULL
) ENGINE=InnoDB DEFAULT CHARSET=utf8 COLLATE=utf8_general_ci;

--
-- Dumping data for table `student_subjects`
--

INSERT INTO `student_subjects` (`student_id`, `subject_id`, `grade`) VALUES
(202010604, 1, 'B'),
(202010604, 2, 'A'),
(202010604, 3, 'C'),
(202010604, 4, 'B'),
(202010604, 5, 'A'),
(202010604, 6, 'C'),
(202010604, 7, 'B'),
(202010604, 8, 'A'),
(202010604, 9, 'C'),
(202010604, 10, 'A'),
(202010604, 11, 'B'),
(202010604, 12, 'C'),
(202010604, 13, 'B'),
(202010604, 14, 'A'),
(202010604, 15, 'C'),
(202010604, 16, 'A'),
(202010604, 17, 'B'),
(202010604, 18, 'C'),
(202010604, 19, 'A'),
(202010604, 20, 'D'),
(202010604, 21, 'B'),
(202010604, 22, 'A'),
(202010604, 23, 'B'),
(202010604, 24, 'A'),
(202010604, 25, 'C'),
(202010604, 26, 'A'),
(202010604, 27, 'B'),
(202010604, 28, 'C'),
(202010604, 29, 'A'),
(202010604, 30, 'B'),
(202010604, 31, 'C'),
(202010604, 32, 'A'),
(202010604, 33, NULL),
(202010604, 34, 'C'),
(202010604, 35, 'A'),
(202010604, 36, 'B'),
(202010604, 37, 'C'),
(202010604, 38, 'A'),
(202010604, 39, NULL),
(202010604, 40, 'C'),
(202010604, 41, 'A'),
(202010604, 42, 'D'),
(202010604, 43, 'A'),
(202010604, 44, 'C'),
(202010604, 45, 'F'),
(202010604, 46, 'D'),
(202010604, 47, NULL),
(202010604, 48, 'D'),
(202010604, 49, NULL),
(202010604, 50, 'A'),
(202010604, 51, 'C'),
(202010604, 52, 'B'),
(202010604, 53, NULL),
(202010604, 54, NULL),
(202010604, 55, NULL),
(202010604, 56, NULL),
(202010604, 57, NULL),
(202010604, 58, NULL),
(202010604, 59, NULL),
(202010604, 60, NULL),
(202010604, 61, 'B'),
(202010604, 62, 'F'),
(202010604, 63, 'C'),
(202020040, 1, 'B'),
(202020040, 2, 'A'),
(202020040, 3, NULL),
(202020040, 4, 'B'),
(202020040, 5, 'A'),
(202020040, 6, 'C'),
(202020040, 7, 'B'),
(202020040, 8, 'A'),
(202020040, 9, NULL),
(202020040, 10, 'A'),
(202020040, 11, 'B'),
(202020040, 12, 'C'),
(202020040, 13, 'B'),
(202020040, 14, 'A'),
(202020040, 15, 'C'),
(202020040, 16, 'A'),
(202020040, 17, 'B'),
(202020040, 18, 'C'),
(202020040, 19, 'A'),
(202020040, 20, 'B'),
(202020040, 21, 'C'),
(202020040, 22, 'A'),
(202020040, 23, 'B'),
(202020040, 24, 'A'),
(202020040, 25, 'C'),
(202020040, 26, 'A'),
(202020040, 27, 'B'),
(202020040, 28, 'C'),
(202020040, 29, 'A'),
(202020040, 30, 'D'),
(202020040, 31, 'B'),
(202020040, 32, 'A'),
(202020040, 33, 'B'),
(202020040, 34, 'C'),
(202020040, 35, 'A'),
(202020040, 36, 'B'),
(202020040, 37, 'C'),
(202020040, 38, 'A'),
(202020040, 39, 'B'),
(202020040, 40, 'C'),
(202020040, 41, NULL),
(202020040, 42, 'D'),
(202020040, 43, 'A'),
(202020040, 44, 'C'),
(202020040, 45, 'F'),
(202020040, 46, 'D'),
(202020040, 47, NULL),
(202020040, 48, 'B'),
(202020040, 49, 'C'),
(202020040, 50, 'A'),
(202020040, 51, 'C'),
(202020040, 52, 'B'),
(202020040, 53, 'A'),
(202020040, 54, 'C'),
(202020040, 55, 'A'),
(202020040, 56, 'D'),
(202020040, 57, NULL),
(202020040, 58, NULL),
(202020040, 59, NULL),
(202020040, 60, NULL),
(202020040, 61, 'B'),
(202020040, 62, 'F'),
(202020040, 63, 'C'),
(202113321, 1, 'B'),
(202113321, 2, 'A'),
(202113321, 3, 'C'),
(202113321, 4, 'B'),
(202113321, 5, 'A'),
(202113321, 6, 'C'),
(202113321, 7, 'B'),
(202113321, 8, 'A'),
(202113321, 9, NULL),
(202113321, 10, 'A'),
(202113321, 11, 'B'),
(202113321, 12, NULL),
(202113321, 13, 'B'),
(202113321, 14, 'A'),
(202113321, 15, 'C'),
(202113321, 16, 'A'),
(202113321, 17, 'B'),
(202113321, 18, 'C'),
(202113321, 19, 'A'),
(202113321, 20, 'B'),
(202113321, 21, 'C'),
(202113321, 22, 'A'),
(202113321, 23, 'B'),
(202113321, 24, 'A'),
(202113321, 25, 'C'),
(202113321, 26, 'A'),
(202113321, 27, 'B'),
(202113321, 28, 'C'),
(202113321, 29, 'A'),
(202113321, 30, 'B'),
(202113321, 31, 'D'),
(202113321, 32, 'A'),
(202113321, 33, 'B'),
(202113321, 34, 'D'),
(202113321, 35, 'A'),
(202113321, 36, 'B'),
(202113321, 37, 'C'),
(202113321, 38, 'A'),
(202113321, 39, 'B'),
(202113321, 40, 'A'),
(202113321, 41, NULL),
(202113321, 42, 'D'),
(202113321, 43, 'A'),
(202113321, 44, 'C'),
(202113321, 45, 'F'),
(202113321, 46, NULL),
(202113321, 47, NULL),
(202113321, 48, 'B'),
(202113321, 49, 'C'),
(202113321, 50, 'A'),
(202113321, 51, 'C'),
(202113321, 52, 'B'),
(202113321, 53, 'A'),
(202113321, 54, 'C'),
(202113321, 55, 'A'),
(202113321, 56, 'D'),
(202113321, 57, NULL),
(202113321, 58, NULL),
(202113321, 59, NULL),
(202113321, 60, NULL),
(202113321, 61, NULL),
(202113321, 62, 'F'),
(202113321, 63, NULL);

-- --------------------------------------------------------

--
-- Table structure for table `subjects`
--

CREATE TABLE `subjects` (
  `id` int(11) NOT NULL,
  `code` varchar(50) NOT NULL,
  `name` varchar(50) NOT NULL,
  `level` char(4) NOT NULL
) ENGINE=InnoDB DEFAULT CHARSET=utf8 COLLATE=utf8_general_ci;

--
-- Dumping data for table `subjects`
--

INSERT INTO `subjects` (`id`, `code`, `name`, `level`) VALUES
(1, 'ENGU10PI', 'اللغة الانكليزية 1', '1-1'),
(2, 'COSC1002', 'مهارات حاسوبية', '1-1'),
(3, 'STAU1011', 'أنشطة طلابية 1', '1-1'),
(4, 'ARBU1001', 'اللغة العربية', '1-1'),
(5, 'EPHY1110', 'فيزياء 1', '1-1'),
(6, 'EMTH1110', 'الجبر الخطي', '1-1'),
(7, 'ENGU10IL', 'اللغة الانكليزية 2', '1-2'),
(8, 'ENIT1121', 'مدخل الى الخوارزميات والبرمجة', '1-2'),
(9, 'STAU1012', 'أنشطة طلابية 2', '1-2'),
(10, 'ENMX1121', 'رسم هندسي', '1-2'),
(11, 'EMTH1120', 'التحليل الرياضي 1', '1-2'),
(12, 'ENIT1322', 'مدخل الى علوم الحاسوب', '1-2'),
(13, 'XXXXXXXX', 'متطلب جامعة اختياري 1', '1-2'),
(14, 'XXXXXXXX', 'متطلب جامعة اختياري 2', '1-2'),
(15, 'ENEC2111', 'دارات منطقية', '2-1'),
(16, 'ENIT2111', 'برمجة 1', '2-1'),
(17, 'EMTH2311', 'إحصاء واحتمالات', '2-1'),
(18, 'EMTH2110', 'التحليل الرياضي 2', '2-1'),
(19, 'EMTH2310', 'رياضيات متقطعة', '2-1'),
(20, 'ENRQ020X', 'متطلب كلية اختياري 1', '2-1'),
(21, 'ENEC2624', 'دارات كهربائية والكترونية', '2-2'),
(22, 'ENIT2121', 'برمجة 2', '2-2'),
(23, 'ENIT2123', 'خوارزميات وبنى معطيات 1', '2-2'),
(24, 'ENIT2322', 'نظرية المعلومات', '2-2'),
(25, 'EMTH2120', 'تحليل عددي', '2-2'),
(26, 'ENRQ020X', 'متطلب كلية اختياري 2', '2-2'),
(27, 'ENEC3614', 'منظومات معالجات صغرية', '3-1'),
(28, 'ENIT3312', 'قواعد معطيات 1', '3-1'),
(29, 'ENIT3311', 'خوارزميات وبنى معطيات 2', '3-1'),
(30, 'ENIT3315', 'مدخل الى الذكاء الصنعي', '3-1'),
(31, 'ENIT3313', 'نظرية الحوسبة', '3-1'),
(32, 'RESU3001', 'مبادئ البحث العلمي', '3-1'),
(33, 'ENIT3323', 'نظم تشغيل 1', '3-2'),
(34, 'ENIT3326', 'لغات برمجة', '3-2'),
(35, 'ENIT3322', 'هندسة برمجيات 1', '3-2'),
(36, 'ENIT3325', 'تطبيقات شبكية 1', '3-2'),
(37, 'ENIT3321', 'تصميم مترجمات 1', '3-2'),
(38, 'ENIT3324', 'شبكات 1', '3-2'),
(39, 'ENIT4315', 'نظم تشغيل 2', '4-1'),
(40, 'ENIT4311', 'برمجة تفرعية', '4-1'),
(41, 'ENIT4312', 'هندسة برمجيات 2', '4-1'),
(42, 'ENIT4313', 'تطبيقات شبكية 2', '4-1'),
(43, 'ENEC4611', 'معالجة إشارة', '4-1'),
(44, 'EMTH4311', 'بحوث عمليات', '4-1'),
(45, 'ENIT4314', 'برمجة الالعاب', '4-1'),
(46, 'ENIT4321', 'نظم معلومات موزّعة', '4-2'),
(47, 'ENIT4322', 'برمجة نظم تشغيل', '4-2'),
(48, 'ENIT4324', 'بيانيات الحاسب', '4-2'),
(49, 'ENMX3323', 'نمذجة ومحاكاة النظم', '4-2'),
(50, 'ENIT4323', 'امن نظم معلومات', '4-2'),
(51, 'ENIT4325', 'مشروع فصلي', '4-2'),
(52, 'ENMX4121', 'إدارة مشاريع', '4-2'),
(53, 'ENIT55XX', 'متطلب اختصاص 1', '5-1'),
(54, 'ENIT55XX', 'متطلب اختصاص 2', '5-1'),
(55, 'ENIT55XX', 'متطلب اختصاص 3', '5-1'),
(56, 'ENIT55XX', 'متطلب اختصاص 4', '5-1'),
(57, 'ENIT5311', 'مشروع تخرج', '5-1'),
(58, 'ENIT55XX', 'متطلب اختصاص 5', '5-2'),
(59, 'ENIT55XX', 'متطلب اختصاص 6', '5-2'),
(60, 'ENIT55XX', 'متطلب اختصاص 7', '5-2'),
(61, 'ENIT5321', 'نظم الزمن الحقيقي', '5-2'),
(62, 'ENIT5322', 'برمجة الأجهزة المحمولة', '5-2'),
(63, 'ENIT5323', 'شبكات 2', '5-2');

-- --------------------------------------------------------

--
-- Table structure for table `users`
--

CREATE TABLE `users` (
  `student_id` int(11) NOT NULL,
  `password` varchar(100) NOT NULL,
  `name` varchar(100) NOT NULL
) ENGINE=InnoDB DEFAULT CHARSET=utf8 COLLATE=utf8_general_ci;

--
-- Dumping data for table `users`
--

INSERT INTO `users` (`student_id`, `password`, `name`) VALUES
(202010604, '333', 'rasim'),
(202020040, '222', 'khaled'),
(202113321, '111', 'baraa');

--
-- Indexes for dumped tables
--

--
-- Indexes for table `student_subjects`
--
ALTER TABLE `student_subjects`
  ADD PRIMARY KEY (`student_id`,`subject_id`),
  ADD KEY `subject_id` (`subject_id`);

--
-- Indexes for table `subjects`
--
ALTER TABLE `subjects`
  ADD PRIMARY KEY (`id`);

--
-- Indexes for table `users`
--
ALTER TABLE `users`
  ADD PRIMARY KEY (`student_id`),
  ADD UNIQUE KEY `name` (`name`);

--
-- AUTO_INCREMENT for dumped tables
--

--
-- AUTO_INCREMENT for table `subjects`
--
ALTER TABLE `subjects`
  MODIFY `id` int(11) NOT NULL AUTO_INCREMENT, AUTO_INCREMENT=64;

--
-- Constraints for dumped tables
--

--
-- Constraints for table `student_subjects`
--
ALTER TABLE `student_subjects`
  ADD CONSTRAINT `student_subjects_ibfk_1` FOREIGN KEY (`student_id`) REFERENCES `users` (`student_id`),
  ADD CONSTRAINT `student_subjects_ibfk_2` FOREIGN KEY (`subject_id`) REFERENCES `subjects` (`id`);
COMMIT;

/*!40101 SET CHARACTER_SET_CLIENT=@OLD_CHARACTER_SET_CLIENT */;
/*!40101 SET CHARACTER_SET_RESULTS=@OLD_CHARACTER_SET_RESULTS */;
/*!40101 SET COLLATION_CONNECTION=@OLD_COLLATION_CONNECTION */;
